Brats20ID,path,fold
BraTS20_Training_001,/home/u873859/BraTS2020_Dataset/BraTS2020_TrainingData/MICCAI_BraTS2020_TrainingData/BraTS20_Training_001,0.0
BraTS20_Training_002,/home/u873859/BraTS2020_Dataset/BraTS2020_TrainingData/MICCAI_BraTS2020_TrainingData/BraTS20_Training_002,5.0
BraTS20_Training_003,/home/u873859/BraTS2020_Dataset/BraTS2020_TrainingData/MICCAI_BraTS2020_TrainingData/BraTS20_Training_003,3.0
BraTS20_Training_004,/home/u873859/BraTS2020_Dataset/BraTS2020_TrainingData/MICCAI_BraTS2020_TrainingData/BraTS20_Training_004,1.0
BraTS20_Training_005,/home/u873859/BraTS2020_Dataset/BraTS2020_TrainingData/MICCAI_BraTS2020_TrainingData/BraTS20_Training_005,4.0
BraTS20_Training_006,/home/u873859/BraTS2020_Dataset/BraTS2020_TrainingData/MICCAI_BraTS2020_TrainingData/BraTS20_Training_006,0.0
BraTS20_Training_007,/home/u873859/BraTS2020_Dataset/BraTS2020_TrainingData/MICCAI_BraTS2020_TrainingData/BraTS20_Training_007,2.0
BraTS20_Training_008,/home/u873859/BraTS2020_Dataset/BraTS2020_TrainingData/MICCAI_BraTS2020_TrainingData/BraTS20_Training_008,1.0
BraTS20_Training_009,/home/u873859/BraTS2020_Dataset/BraTS2020_TrainingData/MICCAI_BraTS2020_TrainingData/BraTS20_Training_009,5.0
BraTS20_Training_010,/home/u873859/BraTS2020_Dataset/BraTS2020_TrainingData/MICCAI_BraTS2020_TrainingData/BraTS20_Training_010,0.0
BraTS20_Training_011,/home/u873859/BraTS2020_Dataset/BraTS2020_TrainingData/MICCAI_BraTS2020_TrainingData/BraTS20_Training_011,2.0
BraTS20_Training_012,/home/u873859/BraTS2020_Dataset/BraTS2020_TrainingData/MICCAI_BraTS2020_TrainingData/BraTS20_Training_012,3.0
BraTS20_Training_013,/home/u873859/BraTS2020_Dataset/BraTS2020_TrainingData/MICCAI_BraTS2020_TrainingData/BraTS20_Training_013,4.0
BraTS20_Training_014,/home/u873859/BraTS2020_Dataset/BraTS2020_TrainingData/MICCAI_BraTS2020_TrainingData/BraTS20_Training_014,6.0
BraTS20_Training_015,/home/u873859/BraTS2020_Dataset/BraTS2020_TrainingData/MICCAI_BraTS2020_TrainingData/BraTS20_Training_015,5.0
BraTS20_Training_016,/home/u873859/BraTS2020_Dataset/BraTS2020_TrainingData/MICCAI_BraTS2020_TrainingData/BraTS20_Training_016,0.0
BraTS20_Training_017,/home/u873859/BraTS2020_Dataset/BraTS2020_TrainingData/MICCAI_BraTS2020_TrainingData/BraTS20_Training_017,1.0
BraTS20_Training_018,/home/u873859/BraTS2020_Dataset/BraTS2020_TrainingData/MICCAI_BraTS2020_TrainingData/BraTS20_Training_018,1.0
BraTS20_Training_019,/home/u873859/BraTS2020_Dataset/BraTS2020_TrainingData/MICCAI_BraTS2020_TrainingData/BraTS20_Training_019,2.0
BraTS20_Training_020,/home/u873859/BraTS2020_Dataset/BraTS2020_TrainingData/MICCAI_BraTS2020_TrainingData/BraTS20_Training_020,2.0
BraTS20_Training_021,/home/u873859/BraTS2020_Dataset/BraTS2020_TrainingData/MICCAI_BraTS2020_TrainingData/BraTS20_Training_021,6.0
BraTS20_Training_022,/home/u873859/BraTS2020_Dataset/BraTS2020_TrainingData/MICCAI_BraTS2020_TrainingData/BraTS20_Training_022,6.0
BraTS20_Training_023,/home/u873859/BraTS2020_Dataset/BraTS2020_TrainingData/MICCAI_BraTS2020_TrainingData/BraTS20_Training_023,0.0
BraTS20_Training_024,/home/u873859/BraTS2020_Dataset/BraTS2020_TrainingData/MICCAI_BraTS2020_TrainingData/BraTS20_Training_024,3.0
BraTS20_Training_025,/home/u873859/BraTS2020_Dataset/BraTS2020_TrainingData/MICCAI_BraTS2020_TrainingData/BraTS20_Training_025,1.0
BraTS20_Training_026,/home/u873859/BraTS2020_Dataset/BraTS2020_TrainingData/MICCAI_BraTS2020_TrainingData/BraTS20_Training_026,0.0
BraTS20_Training_027,/home/u873859/BraTS2020_Dataset/BraTS2020_TrainingData/MICCAI_BraTS2020_TrainingData/BraTS20_Training_027,3.0
BraTS20_Training_028,/home/u873859/BraTS2020_Dataset/BraTS2020_TrainingData/MICCAI_BraTS2020_TrainingData/BraTS20_Training_028,5.0
BraTS20_Training_029,/home/u873859/BraTS2020_Dataset/BraTS2020_TrainingData/MICCAI_BraTS2020_TrainingData/BraTS20_Training_029,4.0
BraTS20_Training_030,/home/u873859/BraTS2020_Dataset/BraTS2020_TrainingData/MICCAI_BraTS2020_TrainingData/BraTS20_Training_030,4.0
BraTS20_Training_031,/home/u873859/BraTS2020_Dataset/BraTS2020_TrainingData/MICCAI_BraTS2020_TrainingData/BraTS20_Training_031,0.0
BraTS20_Training_032,/home/u873859/BraTS2020_Dataset/BraTS2020_TrainingData/MICCAI_BraTS2020_TrainingData/BraTS20_Training_032,2.0
BraTS20_Training_033,/home/u873859/BraTS2020_Dataset/BraTS2020_TrainingData/MICCAI_BraTS2020_TrainingData/BraTS20_Training_033,5.0
BraTS20_Training_034,/home/u873859/BraTS2020_Dataset/BraTS2020_TrainingData/MICCAI_BraTS2020_TrainingData/BraTS20_Training_034,0.0
BraTS20_Training_035,/home/u873859/BraTS2020_Dataset/BraTS2020_TrainingData/MICCAI_BraTS2020_TrainingData/BraTS20_Training_035,5.0
BraTS20_Training_036,/home/u873859/BraTS2020_Dataset/BraTS2020_TrainingData/MICCAI_BraTS2020_TrainingData/BraTS20_Training_036,4.0
BraTS20_Training_037,/home/u873859/BraTS2020_Dataset/BraTS2020_TrainingData/MICCAI_BraTS2020_TrainingData/BraTS20_Training_037,2.0
BraTS20_Training_038,/home/u873859/BraTS2020_Dataset/BraTS2020_TrainingData/MICCAI_BraTS2020_TrainingData/BraTS20_Training_038,3.0
BraTS20_Training_039,/home/u873859/BraTS2020_Dataset/BraTS2020_TrainingData/MICCAI_BraTS2020_TrainingData/BraTS20_Training_039,3.0
BraTS20_Training_040,/home/u873859/BraTS2020_Dataset/BraTS2020_TrainingData/MICCAI_BraTS2020_TrainingData/BraTS20_Training_040,0.0
BraTS20_Training_041,/home/u873859/BraTS2020_Dataset/BraTS2020_TrainingData/MICCAI_BraTS2020_TrainingData/BraTS20_Training_041,5.0
BraTS20_Training_042,/home/u873859/BraTS2020_Dataset/BraTS2020_TrainingData/MICCAI_BraTS2020_TrainingData/BraTS20_Training_042,4.0
BraTS20_Training_043,/home/u873859/BraTS2020_Dataset/BraTS2020_TrainingData/MICCAI_BraTS2020_TrainingData/BraTS20_Training_043,0.0
BraTS20_Training_044,/home/u873859/BraTS2020_Dataset/BraTS2020_TrainingData/MICCAI_BraTS2020_TrainingData/BraTS20_Training_044,5.0
BraTS20_Training_045,/home/u873859/BraTS2020_Dataset/BraTS2020_TrainingData/MICCAI_BraTS2020_TrainingData/BraTS20_Training_045,4.0
BraTS20_Training_046,/home/u873859/BraTS2020_Dataset/BraTS2020_TrainingData/MICCAI_BraTS2020_TrainingData/BraTS20_Training_046,0.0
BraTS20_Training_047,/home/u873859/BraTS2020_Dataset/BraTS2020_TrainingData/MICCAI_BraTS2020_TrainingData/BraTS20_Training_047,1.0
BraTS20_Training_048,/home/u873859/BraTS2020_Dataset/BraTS2020_TrainingData/MICCAI_BraTS2020_TrainingData/BraTS20_Training_048,5.0
BraTS20_Training_049,/home/u873859/BraTS2020_Dataset/BraTS2020_TrainingData/MICCAI_BraTS2020_TrainingData/BraTS20_Training_049,6.0
BraTS20_Training_050,/home/u873859/BraTS2020_Dataset/BraTS2020_TrainingData/MICCAI_BraTS2020_TrainingData/BraTS20_Training_050,5.0
BraTS20_Training_051,/home/u873859/BraTS2020_Dataset/BraTS2020_TrainingData/MICCAI_BraTS2020_TrainingData/BraTS20_Training_051,6.0
BraTS20_Training_052,/home/u873859/BraTS2020_Dataset/BraTS2020_TrainingData/MICCAI_BraTS2020_TrainingData/BraTS20_Training_052,4.0
BraTS20_Training_053,/home/u873859/BraTS2020_Dataset/BraTS2020_TrainingData/MICCAI_BraTS2020_TrainingData/BraTS20_Training_053,6.0
BraTS20_Training_054,/home/u873859/BraTS2020_Dataset/BraTS2020_TrainingData/MICCAI_BraTS2020_TrainingData/BraTS20_Training_054,5.0
BraTS20_Training_055,/home/u873859/BraTS2020_Dataset/BraTS2020_TrainingData/MICCAI_BraTS2020_TrainingData/BraTS20_Training_055,6.0
BraTS20_Training_056,/home/u873859/BraTS2020_Dataset/BraTS2020_TrainingData/MICCAI_BraTS2020_TrainingData/BraTS20_Training_056,0.0
BraTS20_Training_057,/home/u873859/BraTS2020_Dataset/BraTS2020_TrainingData/MICCAI_BraTS2020_TrainingData/BraTS20_Training_057,0.0
BraTS20_Training_058,/home/u873859/BraTS2020_Dataset/BraTS2020_TrainingData/MICCAI_BraTS2020_TrainingData/BraTS20_Training_058,0.0
BraTS20_Training_059,/home/u873859/BraTS2020_Dataset/BraTS2020_TrainingData/MICCAI_BraTS2020_TrainingData/BraTS20_Training_059,6.0
BraTS20_Training_060,/home/u873859/BraTS2020_Dataset/BraTS2020_TrainingData/MICCAI_BraTS2020_TrainingData/BraTS20_Training_060,2.0
BraTS20_Training_061,/home/u873859/BraTS2020_Dataset/BraTS2020_TrainingData/MICCAI_BraTS2020_TrainingData/BraTS20_Training_061,1.0
BraTS20_Training_062,/home/u873859/BraTS2020_Dataset/BraTS2020_TrainingData/MICCAI_BraTS2020_TrainingData/BraTS20_Training_062,5.0
BraTS20_Training_063,/home/u873859/BraTS2020_Dataset/BraTS2020_TrainingData/MICCAI_BraTS2020_TrainingData/BraTS20_Training_063,5.0
BraTS20_Training_064,/home/u873859/BraTS2020_Dataset/BraTS2020_TrainingData/MICCAI_BraTS2020_TrainingData/BraTS20_Training_064,0.0
BraTS20_Training_065,/home/u873859/BraTS2020_Dataset/BraTS2020_TrainingData/MICCAI_BraTS2020_TrainingData/BraTS20_Training_065,5.0
BraTS20_Training_066,/home/u873859/BraTS2020_Dataset/BraTS2020_TrainingData/MICCAI_BraTS2020_TrainingData/BraTS20_Training_066,4.0
BraTS20_Training_067,/home/u873859/BraTS2020_Dataset/BraTS2020_TrainingData/MICCAI_BraTS2020_TrainingData/BraTS20_Training_067,1.0
BraTS20_Training_068,/home/u873859/BraTS2020_Dataset/BraTS2020_TrainingData/MICCAI_BraTS2020_TrainingData/BraTS20_Training_068,3.0
BraTS20_Training_069,/home/u873859/BraTS2020_Dataset/BraTS2020_TrainingData/MICCAI_BraTS2020_TrainingData/BraTS20_Training_069,2.0
BraTS20_Training_070,/home/u873859/BraTS2020_Dataset/BraTS2020_TrainingData/MICCAI_BraTS2020_TrainingData/BraTS20_Training_070,2.0
BraTS20_Training_071,/home/u873859/BraTS2020_Dataset/BraTS2020_TrainingData/MICCAI_BraTS2020_TrainingData/BraTS20_Training_071,4.0
BraTS20_Training_072,/home/u873859/BraTS2020_Dataset/BraTS2020_TrainingData/MICCAI_BraTS2020_TrainingData/BraTS20_Training_072,6.0
BraTS20_Training_073,/home/u873859/BraTS2020_Dataset/BraTS2020_TrainingData/MICCAI_BraTS2020_TrainingData/BraTS20_Training_073,0.0
BraTS20_Training_074,/home/u873859/BraTS2020_Dataset/BraTS2020_TrainingData/MICCAI_BraTS2020_TrainingData/BraTS20_Training_074,1.0
BraTS20_Training_075,/home/u873859/BraTS2020_Dataset/BraTS2020_TrainingData/MICCAI_BraTS2020_TrainingData/BraTS20_Training_075,4.0
BraTS20_Training_076,/home/u873859/BraTS2020_Dataset/BraTS2020_TrainingData/MICCAI_BraTS2020_TrainingData/BraTS20_Training_076,1.0
BraTS20_Training_077,/home/u873859/BraTS2020_Dataset/BraTS2020_TrainingData/MICCAI_BraTS2020_TrainingData/BraTS20_Training_077,0.0
BraTS20_Training_078,/home/u873859/BraTS2020_Dataset/BraTS2020_TrainingData/MICCAI_BraTS2020_TrainingData/BraTS20_Training_078,1.0
BraTS20_Training_079,/home/u873859/BraTS2020_Dataset/BraTS2020_TrainingData/MICCAI_BraTS2020_TrainingData/BraTS20_Training_079,1.0
BraTS20_Training_080,/home/u873859/BraTS2020_Dataset/BraTS2020_TrainingData/MICCAI_BraTS2020_TrainingData/BraTS20_Training_080,2.0
BraTS20_Training_081,/home/u873859/BraTS2020_Dataset/BraTS2020_TrainingData/MICCAI_BraTS2020_TrainingData/BraTS20_Training_081,5.0
BraTS20_Training_082,/home/u873859/BraTS2020_Dataset/BraTS2020_TrainingData/MICCAI_BraTS2020_TrainingData/BraTS20_Training_082,2.0
BraTS20_Training_083,/home/u873859/BraTS2020_Dataset/BraTS2020_TrainingData/MICCAI_BraTS2020_TrainingData/BraTS20_Training_083,1.0
BraTS20_Training_084,/home/u873859/BraTS2020_Dataset/BraTS2020_TrainingData/MICCAI_BraTS2020_TrainingData/BraTS20_Training_084,4.0
BraTS20_Training_085,/home/u873859/BraTS2020_Dataset/BraTS2020_TrainingData/MICCAI_BraTS2020_TrainingData/BraTS20_Training_085,1.0
BraTS20_Training_086,/home/u873859/BraTS2020_Dataset/BraTS2020_TrainingData/MICCAI_BraTS2020_TrainingData/BraTS20_Training_086,4.0
BraTS20_Training_087,/home/u873859/BraTS2020_Dataset/BraTS2020_TrainingData/MICCAI_BraTS2020_TrainingData/BraTS20_Training_087,3.0
BraTS20_Training_088,/home/u873859/BraTS2020_Dataset/BraTS2020_TrainingData/MICCAI_BraTS2020_TrainingData/BraTS20_Training_088,6.0
BraTS20_Training_089,/home/u873859/BraTS2020_Dataset/BraTS2020_TrainingData/MICCAI_BraTS2020_TrainingData/BraTS20_Training_089,6.0
BraTS20_Training_090,/home/u873859/BraTS2020_Dataset/BraTS2020_TrainingData/MICCAI_BraTS2020_TrainingData/BraTS20_Training_090,4.0
BraTS20_Training_091,/home/u873859/BraTS2020_Dataset/BraTS2020_TrainingData/MICCAI_BraTS2020_TrainingData/BraTS20_Training_091,0.0
BraTS20_Training_092,/home/u873859/BraTS2020_Dataset/BraTS2020_TrainingData/MICCAI_BraTS2020_TrainingData/BraTS20_Training_092,6.0
BraTS20_Training_093,/home/u873859/BraTS2020_Dataset/BraTS2020_TrainingData/MICCAI_BraTS2020_TrainingData/BraTS20_Training_093,2.0
BraTS20_Training_094,/home/u873859/BraTS2020_Dataset/BraTS2020_TrainingData/MICCAI_BraTS2020_TrainingData/BraTS20_Training_094,1.0
BraTS20_Training_095,/home/u873859/BraTS2020_Dataset/BraTS2020_TrainingData/MICCAI_BraTS2020_TrainingData/BraTS20_Training_095,1.0
BraTS20_Training_096,/home/u873859/BraTS2020_Dataset/BraTS2020_TrainingData/MICCAI_BraTS2020_TrainingData/BraTS20_Training_096,4.0
BraTS20_Training_097,/home/u873859/BraTS2020_Dataset/BraTS2020_TrainingData/MICCAI_BraTS2020_TrainingData/BraTS20_Training_097,2.0
BraTS20_Training_098,/home/u873859/BraTS2020_Dataset/BraTS2020_TrainingData/MICCAI_BraTS2020_TrainingData/BraTS20_Training_098,2.0
BraTS20_Training_099,/home/u873859/BraTS2020_Dataset/BraTS2020_TrainingData/MICCAI_BraTS2020_TrainingData/BraTS20_Training_099,5.0
BraTS20_Training_100,/home/u873859/BraTS2020_Dataset/BraTS2020_TrainingData/MICCAI_BraTS2020_TrainingData/BraTS20_Training_100,6.0
BraTS20_Training_101,/home/u873859/BraTS2020_Dataset/BraTS2020_TrainingData/MICCAI_BraTS2020_TrainingData/BraTS20_Training_101,4.0
BraTS20_Training_102,/home/u873859/BraTS2020_Dataset/BraTS2020_TrainingData/MICCAI_BraTS2020_TrainingData/BraTS20_Training_102,0.0
BraTS20_Training_103,/home/u873859/BraTS2020_Dataset/BraTS2020_TrainingData/MICCAI_BraTS2020_TrainingData/BraTS20_Training_103,6.0
BraTS20_Training_104,/home/u873859/BraTS2020_Dataset/BraTS2020_TrainingData/MICCAI_BraTS2020_TrainingData/BraTS20_Training_104,2.0
BraTS20_Training_105,/home/u873859/BraTS2020_Dataset/BraTS2020_TrainingData/MICCAI_BraTS2020_TrainingData/BraTS20_Training_105,2.0
BraTS20_Training_106,/home/u873859/BraTS2020_Dataset/BraTS2020_TrainingData/MICCAI_BraTS2020_TrainingData/BraTS20_Training_106,5.0
BraTS20_Training_107,/home/u873859/BraTS2020_Dataset/BraTS2020_TrainingData/MICCAI_BraTS2020_TrainingData/BraTS20_Training_107,6.0
BraTS20_Training_108,/home/u873859/BraTS2020_Dataset/BraTS2020_TrainingData/MICCAI_BraTS2020_TrainingData/BraTS20_Training_108,4.0
BraTS20_Training_109,/home/u873859/BraTS2020_Dataset/BraTS2020_TrainingData/MICCAI_BraTS2020_TrainingData/BraTS20_Training_109,0.0
BraTS20_Training_110,/home/u873859/BraTS2020_Dataset/BraTS2020_TrainingData/MICCAI_BraTS2020_TrainingData/BraTS20_Training_110,0.0
BraTS20_Training_111,/home/u873859/BraTS2020_Dataset/BraTS2020_TrainingData/MICCAI_BraTS2020_TrainingData/BraTS20_Training_111,1.0
BraTS20_Training_112,/home/u873859/BraTS2020_Dataset/BraTS2020_TrainingData/MICCAI_BraTS2020_TrainingData/BraTS20_Training_112,2.0
BraTS20_Training_113,/home/u873859/BraTS2020_Dataset/BraTS2020_TrainingData/MICCAI_BraTS2020_TrainingData/BraTS20_Training_113,3.0
BraTS20_Training_114,/home/u873859/BraTS2020_Dataset/BraTS2020_TrainingData/MICCAI_BraTS2020_TrainingData/BraTS20_Training_114,1.0
BraTS20_Training_115,/home/u873859/BraTS2020_Dataset/BraTS2020_TrainingData/MICCAI_BraTS2020_TrainingData/BraTS20_Training_115,0.0
BraTS20_Training_116,/home/u873859/BraTS2020_Dataset/BraTS2020_TrainingData/MICCAI_BraTS2020_TrainingData/BraTS20_Training_116,3.0
BraTS20_Training_117,/home/u873859/BraTS2020_Dataset/BraTS2020_TrainingData/MICCAI_BraTS2020_TrainingData/BraTS20_Training_117,1.0
BraTS20_Training_118,/home/u873859/BraTS2020_Dataset/BraTS2020_TrainingData/MICCAI_BraTS2020_TrainingData/BraTS20_Training_118,3.0
BraTS20_Training_119,/home/u873859/BraTS2020_Dataset/BraTS2020_TrainingData/MICCAI_BraTS2020_TrainingData/BraTS20_Training_119,2.0
BraTS20_Training_120,/home/u873859/BraTS2020_Dataset/BraTS2020_TrainingData/MICCAI_BraTS2020_TrainingData/BraTS20_Training_120,0.0
BraTS20_Training_121,/home/u873859/BraTS2020_Dataset/BraTS2020_TrainingData/MICCAI_BraTS2020_TrainingData/BraTS20_Training_121,3.0
BraTS20_Training_122,/home/u873859/BraTS2020_Dataset/BraTS2020_TrainingData/MICCAI_BraTS2020_TrainingData/BraTS20_Training_122,6.0
BraTS20_Training_123,/home/u873859/BraTS2020_Dataset/BraTS2020_TrainingData/MICCAI_BraTS2020_TrainingData/BraTS20_Training_123,3.0
BraTS20_Training_124,/home/u873859/BraTS2020_Dataset/BraTS2020_TrainingData/MICCAI_BraTS2020_TrainingData/BraTS20_Training_124,4.0
BraTS20_Training_125,/home/u873859/BraTS2020_Dataset/BraTS2020_TrainingData/MICCAI_BraTS2020_TrainingData/BraTS20_Training_125,0.0
BraTS20_Training_126,/home/u873859/BraTS2020_Dataset/BraTS2020_TrainingData/MICCAI_BraTS2020_TrainingData/BraTS20_Training_126,3.0
BraTS20_Training_127,/home/u873859/BraTS2020_Dataset/BraTS2020_TrainingData/MICCAI_BraTS2020_TrainingData/BraTS20_Training_127,0.0
BraTS20_Training_128,/home/u873859/BraTS2020_Dataset/BraTS2020_TrainingData/MICCAI_BraTS2020_TrainingData/BraTS20_Training_128,4.0
BraTS20_Training_129,/home/u873859/BraTS2020_Dataset/BraTS2020_TrainingData/MICCAI_BraTS2020_TrainingData/BraTS20_Training_129,5.0
BraTS20_Training_130,/home/u873859/BraTS2020_Dataset/BraTS2020_TrainingData/MICCAI_BraTS2020_TrainingData/BraTS20_Training_130,3.0
BraTS20_Training_131,/home/u873859/BraTS2020_Dataset/BraTS2020_TrainingData/MICCAI_BraTS2020_TrainingData/BraTS20_Training_131,6.0
BraTS20_Training_132,/home/u873859/BraTS2020_Dataset/BraTS2020_TrainingData/MICCAI_BraTS2020_TrainingData/BraTS20_Training_132,4.0
BraTS20_Training_133,/home/u873859/BraTS2020_Dataset/BraTS2020_TrainingData/MICCAI_BraTS2020_TrainingData/BraTS20_Training_133,1.0
BraTS20_Training_134,/home/u873859/BraTS2020_Dataset/BraTS2020_TrainingData/MICCAI_BraTS2020_TrainingData/BraTS20_Training_134,4.0
BraTS20_Training_135,/home/u873859/BraTS2020_Dataset/BraTS2020_TrainingData/MICCAI_BraTS2020_TrainingData/BraTS20_Training_135,6.0
BraTS20_Training_136,/home/u873859/BraTS2020_Dataset/BraTS2020_TrainingData/MICCAI_BraTS2020_TrainingData/BraTS20_Training_136,5.0
BraTS20_Training_137,/home/u873859/BraTS2020_Dataset/BraTS2020_TrainingData/MICCAI_BraTS2020_TrainingData/BraTS20_Training_137,3.0
BraTS20_Training_138,/home/u873859/BraTS2020_Dataset/BraTS2020_TrainingData/MICCAI_BraTS2020_TrainingData/BraTS20_Training_138,0.0
BraTS20_Training_139,/home/u873859/BraTS2020_Dataset/BraTS2020_TrainingData/MICCAI_BraTS2020_TrainingData/BraTS20_Training_139,5.0
BraTS20_Training_140,/home/u873859/BraTS2020_Dataset/BraTS2020_TrainingData/MICCAI_BraTS2020_TrainingData/BraTS20_Training_140,2.0
BraTS20_Training_141,/home/u873859/BraTS2020_Dataset/BraTS2020_TrainingData/MICCAI_BraTS2020_TrainingData/BraTS20_Training_141,1.0
BraTS20_Training_142,/home/u873859/BraTS2020_Dataset/BraTS2020_TrainingData/MICCAI_BraTS2020_TrainingData/BraTS20_Training_142,1.0
BraTS20_Training_143,/home/u873859/BraTS2020_Dataset/BraTS2020_TrainingData/MICCAI_BraTS2020_TrainingData/BraTS20_Training_143,4.0
BraTS20_Training_144,/home/u873859/BraTS2020_Dataset/BraTS2020_TrainingData/MICCAI_BraTS2020_TrainingData/BraTS20_Training_144,2.0
BraTS20_Training_145,/home/u873859/BraTS2020_Dataset/BraTS2020_TrainingData/MICCAI_BraTS2020_TrainingData/BraTS20_Training_145,3.0
BraTS20_Training_146,/home/u873859/BraTS2020_Dataset/BraTS2020_TrainingData/MICCAI_BraTS2020_TrainingData/BraTS20_Training_146,0.0
BraTS20_Training_147,/home/u873859/BraTS2020_Dataset/BraTS2020_TrainingData/MICCAI_BraTS2020_TrainingData/BraTS20_Training_147,3.0
BraTS20_Training_148,/home/u873859/BraTS2020_Dataset/BraTS2020_TrainingData/MICCAI_BraTS2020_TrainingData/BraTS20_Training_148,2.0
BraTS20_Training_149,/home/u873859/BraTS2020_Dataset/BraTS2020_TrainingData/MICCAI_BraTS2020_TrainingData/BraTS20_Training_149,2.0
BraTS20_Training_150,/home/u873859/BraTS2020_Dataset/BraTS2020_TrainingData/MICCAI_BraTS2020_TrainingData/BraTS20_Training_150,6.0
BraTS20_Training_151,/home/u873859/BraTS2020_Dataset/BraTS2020_TrainingData/MICCAI_BraTS2020_TrainingData/BraTS20_Training_151,4.0
BraTS20_Training_152,/home/u873859/BraTS2020_Dataset/BraTS2020_TrainingData/MICCAI_BraTS2020_TrainingData/BraTS20_Training_152,6.0
BraTS20_Training_153,/home/u873859/BraTS2020_Dataset/BraTS2020_TrainingData/MICCAI_BraTS2020_TrainingData/BraTS20_Training_153,0.0
BraTS20_Training_154,/home/u873859/BraTS2020_Dataset/BraTS2020_TrainingData/MICCAI_BraTS2020_TrainingData/BraTS20_Training_154,0.0
BraTS20_Training_155,/home/u873859/BraTS2020_Dataset/BraTS2020_TrainingData/MICCAI_BraTS2020_TrainingData/BraTS20_Training_155,3.0
BraTS20_Training_156,/home/u873859/BraTS2020_Dataset/BraTS2020_TrainingData/MICCAI_BraTS2020_TrainingData/BraTS20_Training_156,0.0
BraTS20_Training_157,/home/u873859/BraTS2020_Dataset/BraTS2020_TrainingData/MICCAI_BraTS2020_TrainingData/BraTS20_Training_157,5.0
BraTS20_Training_158,/home/u873859/BraTS2020_Dataset/BraTS2020_TrainingData/MICCAI_BraTS2020_TrainingData/BraTS20_Training_158,1.0
BraTS20_Training_159,/home/u873859/BraTS2020_Dataset/BraTS2020_TrainingData/MICCAI_BraTS2020_TrainingData/BraTS20_Training_159,2.0
BraTS20_Training_160,/home/u873859/BraTS2020_Dataset/BraTS2020_TrainingData/MICCAI_BraTS2020_TrainingData/BraTS20_Training_160,4.0
BraTS20_Training_161,/home/u873859/BraTS2020_Dataset/BraTS2020_TrainingData/MICCAI_BraTS2020_TrainingData/BraTS20_Training_161,6.0
BraTS20_Training_162,/home/u873859/BraTS2020_Dataset/BraTS2020_TrainingData/MICCAI_BraTS2020_TrainingData/BraTS20_Training_162,5.0
BraTS20_Training_163,/home/u873859/BraTS2020_Dataset/BraTS2020_TrainingData/MICCAI_BraTS2020_TrainingData/BraTS20_Training_163,5.0
BraTS20_Training_164,/home/u873859/BraTS2020_Dataset/BraTS2020_TrainingData/MICCAI_BraTS2020_TrainingData/BraTS20_Training_164,1.0
BraTS20_Training_165,/home/u873859/BraTS2020_Dataset/BraTS2020_TrainingData/MICCAI_BraTS2020_TrainingData/BraTS20_Training_165,3.0
BraTS20_Training_166,/home/u873859/BraTS2020_Dataset/BraTS2020_TrainingData/MICCAI_BraTS2020_TrainingData/BraTS20_Training_166,3.0
BraTS20_Training_167,/home/u873859/BraTS2020_Dataset/BraTS2020_TrainingData/MICCAI_BraTS2020_TrainingData/BraTS20_Training_167,6.0
BraTS20_Training_168,/home/u873859/BraTS2020_Dataset/BraTS2020_TrainingData/MICCAI_BraTS2020_TrainingData/BraTS20_Training_168,2.0
BraTS20_Training_169,/home/u873859/BraTS2020_Dataset/BraTS2020_TrainingData/MICCAI_BraTS2020_TrainingData/BraTS20_Training_169,2.0
BraTS20_Training_170,/home/u873859/BraTS2020_Dataset/BraTS2020_TrainingData/MICCAI_BraTS2020_TrainingData/BraTS20_Training_170,6.0
BraTS20_Training_171,/home/u873859/BraTS2020_Dataset/BraTS2020_TrainingData/MICCAI_BraTS2020_TrainingData/BraTS20_Training_171,4.0
BraTS20_Training_172,/home/u873859/BraTS2020_Dataset/BraTS2020_TrainingData/MICCAI_BraTS2020_TrainingData/BraTS20_Training_172,5.0
BraTS20_Training_173,/home/u873859/BraTS2020_Dataset/BraTS2020_TrainingData/MICCAI_BraTS2020_TrainingData/BraTS20_Training_173,2.0
BraTS20_Training_174,/home/u873859/BraTS2020_Dataset/BraTS2020_TrainingData/MICCAI_BraTS2020_TrainingData/BraTS20_Training_174,3.0
BraTS20_Training_175,/home/u873859/BraTS2020_Dataset/BraTS2020_TrainingData/MICCAI_BraTS2020_TrainingData/BraTS20_Training_175,6.0
BraTS20_Training_176,/home/u873859/BraTS2020_Dataset/BraTS2020_TrainingData/MICCAI_BraTS2020_TrainingData/BraTS20_Training_176,2.0
BraTS20_Training_177,/home/u873859/BraTS2020_Dataset/BraTS2020_TrainingData/MICCAI_BraTS2020_TrainingData/BraTS20_Training_177,0.0
BraTS20_Training_178,/home/u873859/BraTS2020_Dataset/BraTS2020_TrainingData/MICCAI_BraTS2020_TrainingData/BraTS20_Training_178,3.0
BraTS20_Training_179,/home/u873859/BraTS2020_Dataset/BraTS2020_TrainingData/MICCAI_BraTS2020_TrainingData/BraTS20_Training_179,4.0
BraTS20_Training_180,/home/u873859/BraTS2020_Dataset/BraTS2020_TrainingData/MICCAI_BraTS2020_TrainingData/BraTS20_Training_180,3.0
BraTS20_Training_181,/home/u873859/BraTS2020_Dataset/BraTS2020_TrainingData/MICCAI_BraTS2020_TrainingData/BraTS20_Training_181,0.0
BraTS20_Training_182,/home/u873859/BraTS2020_Dataset/BraTS2020_TrainingData/MICCAI_BraTS2020_TrainingData/BraTS20_Training_182,3.0
BraTS20_Training_183,/home/u873859/BraTS2020_Dataset/BraTS2020_TrainingData/MICCAI_BraTS2020_TrainingData/BraTS20_Training_183,2.0
BraTS20_Training_184,/home/u873859/BraTS2020_Dataset/BraTS2020_TrainingData/MICCAI_BraTS2020_TrainingData/BraTS20_Training_184,2.0
BraTS20_Training_185,/home/u873859/BraTS2020_Dataset/BraTS2020_TrainingData/MICCAI_BraTS2020_TrainingData/BraTS20_Training_185,4.0
BraTS20_Training_186,/home/u873859/BraTS2020_Dataset/BraTS2020_TrainingData/MICCAI_BraTS2020_TrainingData/BraTS20_Training_186,3.0
BraTS20_Training_187,/home/u873859/BraTS2020_Dataset/BraTS2020_TrainingData/MICCAI_BraTS2020_TrainingData/BraTS20_Training_187,4.0
BraTS20_Training_188,/home/u873859/BraTS2020_Dataset/BraTS2020_TrainingData/MICCAI_BraTS2020_TrainingData/BraTS20_Training_188,6.0
BraTS20_Training_189,/home/u873859/BraTS2020_Dataset/BraTS2020_TrainingData/MICCAI_BraTS2020_TrainingData/BraTS20_Training_189,6.0
BraTS20_Training_190,/home/u873859/BraTS2020_Dataset/BraTS2020_TrainingData/MICCAI_BraTS2020_TrainingData/BraTS20_Training_190,6.0
BraTS20_Training_191,/home/u873859/BraTS2020_Dataset/BraTS2020_TrainingData/MICCAI_BraTS2020_TrainingData/BraTS20_Training_191,5.0
BraTS20_Training_192,/home/u873859/BraTS2020_Dataset/BraTS2020_TrainingData/MICCAI_BraTS2020_TrainingData/BraTS20_Training_192,6.0
BraTS20_Training_193,/home/u873859/BraTS2020_Dataset/BraTS2020_TrainingData/MICCAI_BraTS2020_TrainingData/BraTS20_Training_193,1.0
BraTS20_Training_194,/home/u873859/BraTS2020_Dataset/BraTS2020_TrainingData/MICCAI_BraTS2020_TrainingData/BraTS20_Training_194,0.0
BraTS20_Training_195,/home/u873859/BraTS2020_Dataset/BraTS2020_TrainingData/MICCAI_BraTS2020_TrainingData/BraTS20_Training_195,0.0
BraTS20_Training_196,/home/u873859/BraTS2020_Dataset/BraTS2020_TrainingData/MICCAI_BraTS2020_TrainingData/BraTS20_Training_196,1.0
BraTS20_Training_197,/home/u873859/BraTS2020_Dataset/BraTS2020_TrainingData/MICCAI_BraTS2020_TrainingData/BraTS20_Training_197,2.0
BraTS20_Training_198,/home/u873859/BraTS2020_Dataset/BraTS2020_TrainingData/MICCAI_BraTS2020_TrainingData/BraTS20_Training_198,3.0
BraTS20_Training_199,/home/u873859/BraTS2020_Dataset/BraTS2020_TrainingData/MICCAI_BraTS2020_TrainingData/BraTS20_Training_199,2.0
BraTS20_Training_200,/home/u873859/BraTS2020_Dataset/BraTS2020_TrainingData/MICCAI_BraTS2020_TrainingData/BraTS20_Training_200,3.0
BraTS20_Training_201,/home/u873859/BraTS2020_Dataset/BraTS2020_TrainingData/MICCAI_BraTS2020_TrainingData/BraTS20_Training_201,5.0
BraTS20_Training_202,/home/u873859/BraTS2020_Dataset/BraTS2020_TrainingData/MICCAI_BraTS2020_TrainingData/BraTS20_Training_202,5.0
BraTS20_Training_203,/home/u873859/BraTS2020_Dataset/BraTS2020_TrainingData/MICCAI_BraTS2020_TrainingData/BraTS20_Training_203,1.0
BraTS20_Training_204,/home/u873859/BraTS2020_Dataset/BraTS2020_TrainingData/MICCAI_BraTS2020_TrainingData/BraTS20_Training_204,2.0
BraTS20_Training_205,/home/u873859/BraTS2020_Dataset/BraTS2020_TrainingData/MICCAI_BraTS2020_TrainingData/BraTS20_Training_205,4.0
BraTS20_Training_206,/home/u873859/BraTS2020_Dataset/BraTS2020_TrainingData/MICCAI_BraTS2020_TrainingData/BraTS20_Training_206,5.0
BraTS20_Training_207,/home/u873859/BraTS2020_Dataset/BraTS2020_TrainingData/MICCAI_BraTS2020_TrainingData/BraTS20_Training_207,4.0
BraTS20_Training_208,/home/u873859/BraTS2020_Dataset/BraTS2020_TrainingData/MICCAI_BraTS2020_TrainingData/BraTS20_Training_208,5.0
BraTS20_Training_209,/home/u873859/BraTS2020_Dataset/BraTS2020_TrainingData/MICCAI_BraTS2020_TrainingData/BraTS20_Training_209,1.0
BraTS20_Training_210,/home/u873859/BraTS2020_Dataset/BraTS2020_TrainingData/MICCAI_BraTS2020_TrainingData/BraTS20_Training_210,3.0
BraTS20_Training_211,/home/u873859/BraTS2020_Dataset/BraTS2020_TrainingData/MICCAI_BraTS2020_TrainingData/BraTS20_Training_211,3.0
BraTS20_Training_212,/home/u873859/BraTS2020_Dataset/BraTS2020_TrainingData/MICCAI_BraTS2020_TrainingData/BraTS20_Training_212,3.0
BraTS20_Training_213,/home/u873859/BraTS2020_Dataset/BraTS2020_TrainingData/MICCAI_BraTS2020_TrainingData/BraTS20_Training_213,5.0
BraTS20_Training_214,/home/u873859/BraTS2020_Dataset/BraTS2020_TrainingData/MICCAI_BraTS2020_TrainingData/BraTS20_Training_214,5.0
BraTS20_Training_215,/home/u873859/BraTS2020_Dataset/BraTS2020_TrainingData/MICCAI_BraTS2020_TrainingData/BraTS20_Training_215,6.0
BraTS20_Training_216,/home/u873859/BraTS2020_Dataset/BraTS2020_TrainingData/MICCAI_BraTS2020_TrainingData/BraTS20_Training_216,5.0
BraTS20_Training_217,/home/u873859/BraTS2020_Dataset/BraTS2020_TrainingData/MICCAI_BraTS2020_TrainingData/BraTS20_Training_217,5.0
BraTS20_Training_218,/home/u873859/BraTS2020_Dataset/BraTS2020_TrainingData/MICCAI_BraTS2020_TrainingData/BraTS20_Training_218,5.0
BraTS20_Training_219,/home/u873859/BraTS2020_Dataset/BraTS2020_TrainingData/MICCAI_BraTS2020_TrainingData/BraTS20_Training_219,1.0
BraTS20_Training_220,/home/u873859/BraTS2020_Dataset/BraTS2020_TrainingData/MICCAI_BraTS2020_TrainingData/BraTS20_Training_220,0.0
BraTS20_Training_221,/home/u873859/BraTS2020_Dataset/BraTS2020_TrainingData/MICCAI_BraTS2020_TrainingData/BraTS20_Training_221,1.0
BraTS20_Training_222,/home/u873859/BraTS2020_Dataset/BraTS2020_TrainingData/MICCAI_BraTS2020_TrainingData/BraTS20_Training_222,4.0
BraTS20_Training_223,/home/u873859/BraTS2020_Dataset/BraTS2020_TrainingData/MICCAI_BraTS2020_TrainingData/BraTS20_Training_223,1.0
BraTS20_Training_224,/home/u873859/BraTS2020_Dataset/BraTS2020_TrainingData/MICCAI_BraTS2020_TrainingData/BraTS20_Training_224,2.0
BraTS20_Training_225,/home/u873859/BraTS2020_Dataset/BraTS2020_TrainingData/MICCAI_BraTS2020_TrainingData/BraTS20_Training_225,3.0
BraTS20_Training_226,/home/u873859/BraTS2020_Dataset/BraTS2020_TrainingData/MICCAI_BraTS2020_TrainingData/BraTS20_Training_226,0.0
BraTS20_Training_227,/home/u873859/BraTS2020_Dataset/BraTS2020_TrainingData/MICCAI_BraTS2020_TrainingData/BraTS20_Training_227,4.0
BraTS20_Training_228,/home/u873859/BraTS2020_Dataset/BraTS2020_TrainingData/MICCAI_BraTS2020_TrainingData/BraTS20_Training_228,1.0
BraTS20_Training_229,/home/u873859/BraTS2020_Dataset/BraTS2020_TrainingData/MICCAI_BraTS2020_TrainingData/BraTS20_Training_229,4.0
BraTS20_Training_230,/home/u873859/BraTS2020_Dataset/BraTS2020_TrainingData/MICCAI_BraTS2020_TrainingData/BraTS20_Training_230,1.0
BraTS20_Training_231,/home/u873859/BraTS2020_Dataset/BraTS2020_TrainingData/MICCAI_BraTS2020_TrainingData/BraTS20_Training_231,5.0
BraTS20_Training_232,/home/u873859/BraTS2020_Dataset/BraTS2020_TrainingData/MICCAI_BraTS2020_TrainingData/BraTS20_Training_232,0.0
BraTS20_Training_233,/home/u873859/BraTS2020_Dataset/BraTS2020_TrainingData/MICCAI_BraTS2020_TrainingData/BraTS20_Training_233,3.0
BraTS20_Training_234,/home/u873859/BraTS2020_Dataset/BraTS2020_TrainingData/MICCAI_BraTS2020_TrainingData/BraTS20_Training_234,0.0
BraTS20_Training_235,/home/u873859/BraTS2020_Dataset/BraTS2020_TrainingData/MICCAI_BraTS2020_TrainingData/BraTS20_Training_235,2.0
BraTS20_Training_236,/home/u873859/BraTS2020_Dataset/BraTS2020_TrainingData/MICCAI_BraTS2020_TrainingData/BraTS20_Training_236,6.0
BraTS20_Training_237,/home/u873859/BraTS2020_Dataset/BraTS2020_TrainingData/MICCAI_BraTS2020_TrainingData/BraTS20_Training_237,5.0
BraTS20_Training_238,/home/u873859/BraTS2020_Dataset/BraTS2020_TrainingData/MICCAI_BraTS2020_TrainingData/BraTS20_Training_238,0.0
BraTS20_Training_239,/home/u873859/BraTS2020_Dataset/BraTS2020_TrainingData/MICCAI_BraTS2020_TrainingData/BraTS20_Training_239,2.0
BraTS20_Training_240,/home/u873859/BraTS2020_Dataset/BraTS2020_TrainingData/MICCAI_BraTS2020_TrainingData/BraTS20_Training_240,0.0
BraTS20_Training_241,/home/u873859/BraTS2020_Dataset/BraTS2020_TrainingData/MICCAI_BraTS2020_TrainingData/BraTS20_Training_241,4.0
BraTS20_Training_242,/home/u873859/BraTS2020_Dataset/BraTS2020_TrainingData/MICCAI_BraTS2020_TrainingData/BraTS20_Training_242,6.0
BraTS20_Training_243,/home/u873859/BraTS2020_Dataset/BraTS2020_TrainingData/MICCAI_BraTS2020_TrainingData/BraTS20_Training_243,4.0
BraTS20_Training_244,/home/u873859/BraTS2020_Dataset/BraTS2020_TrainingData/MICCAI_BraTS2020_TrainingData/BraTS20_Training_244,6.0
BraTS20_Training_245,/home/u873859/BraTS2020_Dataset/BraTS2020_TrainingData/MICCAI_BraTS2020_TrainingData/BraTS20_Training_245,3.0
BraTS20_Training_246,/home/u873859/BraTS2020_Dataset/BraTS2020_TrainingData/MICCAI_BraTS2020_TrainingData/BraTS20_Training_246,3.0
BraTS20_Training_247,/home/u873859/BraTS2020_Dataset/BraTS2020_TrainingData/MICCAI_BraTS2020_TrainingData/BraTS20_Training_247,1.0
BraTS20_Training_248,/home/u873859/BraTS2020_Dataset/BraTS2020_TrainingData/MICCAI_BraTS2020_TrainingData/BraTS20_Training_248,4.0
BraTS20_Training_249,/home/u873859/BraTS2020_Dataset/BraTS2020_TrainingData/MICCAI_BraTS2020_TrainingData/BraTS20_Training_249,4.0
BraTS20_Training_250,/home/u873859/BraTS2020_Dataset/BraTS2020_TrainingData/MICCAI_BraTS2020_TrainingData/BraTS20_Training_250,0.0
BraTS20_Training_251,/home/u873859/BraTS2020_Dataset/BraTS2020_TrainingData/MICCAI_BraTS2020_TrainingData/BraTS20_Training_251,1.0
BraTS20_Training_252,/home/u873859/BraTS2020_Dataset/BraTS2020_TrainingData/MICCAI_BraTS2020_TrainingData/BraTS20_Training_252,5.0
BraTS20_Training_253,/home/u873859/BraTS2020_Dataset/BraTS2020_TrainingData/MICCAI_BraTS2020_TrainingData/BraTS20_Training_253,6.0
BraTS20_Training_254,/home/u873859/BraTS2020_Dataset/BraTS2020_TrainingData/MICCAI_BraTS2020_TrainingData/BraTS20_Training_254,2.0
BraTS20_Training_255,/home/u873859/BraTS2020_Dataset/BraTS2020_TrainingData/MICCAI_BraTS2020_TrainingData/BraTS20_Training_255,4.0
BraTS20_Training_256,/home/u873859/BraTS2020_Dataset/BraTS2020_TrainingData/MICCAI_BraTS2020_TrainingData/BraTS20_Training_256,0.0
BraTS20_Training_257,/home/u873859/BraTS2020_Dataset/BraTS2020_TrainingData/MICCAI_BraTS2020_TrainingData/BraTS20_Training_257,4.0
BraTS20_Training_258,/home/u873859/BraTS2020_Dataset/BraTS2020_TrainingData/MICCAI_BraTS2020_TrainingData/BraTS20_Training_258,6.0
BraTS20_Training_259,/home/u873859/BraTS2020_Dataset/BraTS2020_TrainingData/MICCAI_BraTS2020_TrainingData/BraTS20_Training_259,1.0
BraTS20_Training_260,/home/u873859/BraTS2020_Dataset/BraTS2020_TrainingData/MICCAI_BraTS2020_TrainingData/BraTS20_Training_260,5.0
BraTS20_Training_261,/home/u873859/BraTS2020_Dataset/BraTS2020_TrainingData/MICCAI_BraTS2020_TrainingData/BraTS20_Training_261,5.0
BraTS20_Training_262,/home/u873859/BraTS2020_Dataset/BraTS2020_TrainingData/MICCAI_BraTS2020_TrainingData/BraTS20_Training_262,3.0
BraTS20_Training_263,/home/u873859/BraTS2020_Dataset/BraTS2020_TrainingData/MICCAI_BraTS2020_TrainingData/BraTS20_Training_263,3.0
BraTS20_Training_264,/home/u873859/BraTS2020_Dataset/BraTS2020_TrainingData/MICCAI_BraTS2020_TrainingData/BraTS20_Training_264,6.0
BraTS20_Training_265,/home/u873859/BraTS2020_Dataset/BraTS2020_TrainingData/MICCAI_BraTS2020_TrainingData/BraTS20_Training_265,6.0
BraTS20_Training_266,/home/u873859/BraTS2020_Dataset/BraTS2020_TrainingData/MICCAI_BraTS2020_TrainingData/BraTS20_Training_266,2.0
BraTS20_Training_267,/home/u873859/BraTS2020_Dataset/BraTS2020_TrainingData/MICCAI_BraTS2020_TrainingData/BraTS20_Training_267,3.0
BraTS20_Training_268,/home/u873859/BraTS2020_Dataset/BraTS2020_TrainingData/MICCAI_BraTS2020_TrainingData/BraTS20_Training_268,5.0
BraTS20_Training_269,/home/u873859/BraTS2020_Dataset/BraTS2020_TrainingData/MICCAI_BraTS2020_TrainingData/BraTS20_Training_269,3.0
BraTS20_Training_270,/home/u873859/BraTS2020_Dataset/BraTS2020_TrainingData/MICCAI_BraTS2020_TrainingData/BraTS20_Training_270,5.0
BraTS20_Training_271,/home/u873859/BraTS2020_Dataset/BraTS2020_TrainingData/MICCAI_BraTS2020_TrainingData/BraTS20_Training_271,6.0
BraTS20_Training_272,/home/u873859/BraTS2020_Dataset/BraTS2020_TrainingData/MICCAI_BraTS2020_TrainingData/BraTS20_Training_272,2.0
BraTS20_Training_273,/home/u873859/BraTS2020_Dataset/BraTS2020_TrainingData/MICCAI_BraTS2020_TrainingData/BraTS20_Training_273,2.0
BraTS20_Training_274,/home/u873859/BraTS2020_Dataset/BraTS2020_TrainingData/MICCAI_BraTS2020_TrainingData/BraTS20_Training_274,6.0
BraTS20_Training_275,/home/u873859/BraTS2020_Dataset/BraTS2020_TrainingData/MICCAI_BraTS2020_TrainingData/BraTS20_Training_275,1.0
BraTS20_Training_276,/home/u873859/BraTS2020_Dataset/BraTS2020_TrainingData/MICCAI_BraTS2020_TrainingData/BraTS20_Training_276,4.0
BraTS20_Training_277,/home/u873859/BraTS2020_Dataset/BraTS2020_TrainingData/MICCAI_BraTS2020_TrainingData/BraTS20_Training_277,6.0
BraTS20_Training_278,/home/u873859/BraTS2020_Dataset/BraTS2020_TrainingData/MICCAI_BraTS2020_TrainingData/BraTS20_Training_278,4.0
BraTS20_Training_279,/home/u873859/BraTS2020_Dataset/BraTS2020_TrainingData/MICCAI_BraTS2020_TrainingData/BraTS20_Training_279,0.0
BraTS20_Training_280,/home/u873859/BraTS2020_Dataset/BraTS2020_TrainingData/MICCAI_BraTS2020_TrainingData/BraTS20_Training_280,5.0
BraTS20_Training_281,/home/u873859/BraTS2020_Dataset/BraTS2020_TrainingData/MICCAI_BraTS2020_TrainingData/BraTS20_Training_281,3.0
BraTS20_Training_282,/home/u873859/BraTS2020_Dataset/BraTS2020_TrainingData/MICCAI_BraTS2020_TrainingData/BraTS20_Training_282,2.0
BraTS20_Training_283,/home/u873859/BraTS2020_Dataset/BraTS2020_TrainingData/MICCAI_BraTS2020_TrainingData/BraTS20_Training_283,4.0
BraTS20_Training_284,/home/u873859/BraTS2020_Dataset/BraTS2020_TrainingData/MICCAI_BraTS2020_TrainingData/BraTS20_Training_284,1.0
BraTS20_Training_285,/home/u873859/BraTS2020_Dataset/BraTS2020_TrainingData/MICCAI_BraTS2020_TrainingData/BraTS20_Training_285,3.0
BraTS20_Training_286,/home/u873859/BraTS2020_Dataset/BraTS2020_TrainingData/MICCAI_BraTS2020_TrainingData/BraTS20_Training_286,2.0
BraTS20_Training_287,/home/u873859/BraTS2020_Dataset/BraTS2020_TrainingData/MICCAI_BraTS2020_TrainingData/BraTS20_Training_287,0.0
BraTS20_Training_288,/home/u873859/BraTS2020_Dataset/BraTS2020_TrainingData/MICCAI_BraTS2020_TrainingData/BraTS20_Training_288,4.0
BraTS20_Training_289,/home/u873859/BraTS2020_Dataset/BraTS2020_TrainingData/MICCAI_BraTS2020_TrainingData/BraTS20_Training_289,0.0
BraTS20_Training_290,/home/u873859/BraTS2020_Dataset/BraTS2020_TrainingData/MICCAI_BraTS2020_TrainingData/BraTS20_Training_290,5.0
BraTS20_Training_291,/home/u873859/BraTS2020_Dataset/BraTS2020_TrainingData/MICCAI_BraTS2020_TrainingData/BraTS20_Training_291,3.0
BraTS20_Training_292,/home/u873859/BraTS2020_Dataset/BraTS2020_TrainingData/MICCAI_BraTS2020_TrainingData/BraTS20_Training_292,3.0
BraTS20_Training_293,/home/u873859/BraTS2020_Dataset/BraTS2020_TrainingData/MICCAI_BraTS2020_TrainingData/BraTS20_Training_293,1.0
BraTS20_Training_294,/home/u873859/BraTS2020_Dataset/BraTS2020_TrainingData/MICCAI_BraTS2020_TrainingData/BraTS20_Training_294,6.0
BraTS20_Training_295,/home/u873859/BraTS2020_Dataset/BraTS2020_TrainingData/MICCAI_BraTS2020_TrainingData/BraTS20_Training_295,3.0
BraTS20_Training_296,/home/u873859/BraTS2020_Dataset/BraTS2020_TrainingData/MICCAI_BraTS2020_TrainingData/BraTS20_Training_296,5.0
BraTS20_Training_297,/home/u873859/BraTS2020_Dataset/BraTS2020_TrainingData/MICCAI_BraTS2020_TrainingData/BraTS20_Training_297,2.0
BraTS20_Training_298,/home/u873859/BraTS2020_Dataset/BraTS2020_TrainingData/MICCAI_BraTS2020_TrainingData/BraTS20_Training_298,0.0
BraTS20_Training_299,/home/u873859/BraTS2020_Dataset/BraTS2020_TrainingData/MICCAI_BraTS2020_TrainingData/BraTS20_Training_299,4.0
BraTS20_Training_300,/home/u873859/BraTS2020_Dataset/BraTS2020_TrainingData/MICCAI_BraTS2020_TrainingData/BraTS20_Training_300,4.0
BraTS20_Training_301,/home/u873859/BraTS2020_Dataset/BraTS2020_TrainingData/MICCAI_BraTS2020_TrainingData/BraTS20_Training_301,5.0
BraTS20_Training_302,/home/u873859/BraTS2020_Dataset/BraTS2020_TrainingData/MICCAI_BraTS2020_TrainingData/BraTS20_Training_302,2.0
BraTS20_Training_303,/home/u873859/BraTS2020_Dataset/BraTS2020_TrainingData/MICCAI_BraTS2020_TrainingData/BraTS20_Training_303,2.0
BraTS20_Training_304,/home/u873859/BraTS2020_Dataset/BraTS2020_TrainingData/MICCAI_BraTS2020_TrainingData/BraTS20_Training_304,4.0
BraTS20_Training_305,/home/u873859/BraTS2020_Dataset/BraTS2020_TrainingData/MICCAI_BraTS2020_TrainingData/BraTS20_Training_305,3.0
BraTS20_Training_306,/home/u873859/BraTS2020_Dataset/BraTS2020_TrainingData/MICCAI_BraTS2020_TrainingData/BraTS20_Training_306,0.0
BraTS20_Training_307,/home/u873859/BraTS2020_Dataset/BraTS2020_TrainingData/MICCAI_BraTS2020_TrainingData/BraTS20_Training_307,6.0
BraTS20_Training_308,/home/u873859/BraTS2020_Dataset/BraTS2020_TrainingData/MICCAI_BraTS2020_TrainingData/BraTS20_Training_308,4.0
BraTS20_Training_309,/home/u873859/BraTS2020_Dataset/BraTS2020_TrainingData/MICCAI_BraTS2020_TrainingData/BraTS20_Training_309,6.0
BraTS20_Training_310,/home/u873859/BraTS2020_Dataset/BraTS2020_TrainingData/MICCAI_BraTS2020_TrainingData/BraTS20_Training_310,1.0
BraTS20_Training_311,/home/u873859/BraTS2020_Dataset/BraTS2020_TrainingData/MICCAI_BraTS2020_TrainingData/BraTS20_Training_311,1.0
BraTS20_Training_312,/home/u873859/BraTS2020_Dataset/BraTS2020_TrainingData/MICCAI_BraTS2020_TrainingData/BraTS20_Training_312,3.0
BraTS20_Training_313,/home/u873859/BraTS2020_Dataset/BraTS2020_TrainingData/MICCAI_BraTS2020_TrainingData/BraTS20_Training_313,3.0
BraTS20_Training_314,/home/u873859/BraTS2020_Dataset/BraTS2020_TrainingData/MICCAI_BraTS2020_TrainingData/BraTS20_Training_314,6.0
BraTS20_Training_315,/home/u873859/BraTS2020_Dataset/BraTS2020_TrainingData/MICCAI_BraTS2020_TrainingData/BraTS20_Training_315,5.0
BraTS20_Training_316,/home/u873859/BraTS2020_Dataset/BraTS2020_TrainingData/MICCAI_BraTS2020_TrainingData/BraTS20_Training_316,6.0
BraTS20_Training_317,/home/u873859/BraTS2020_Dataset/BraTS2020_TrainingData/MICCAI_BraTS2020_TrainingData/BraTS20_Training_317,4.0
BraTS20_Training_318,/home/u873859/BraTS2020_Dataset/BraTS2020_TrainingData/MICCAI_BraTS2020_TrainingData/BraTS20_Training_318,2.0
BraTS20_Training_319,/home/u873859/BraTS2020_Dataset/BraTS2020_TrainingData/MICCAI_BraTS2020_TrainingData/BraTS20_Training_319,4.0
BraTS20_Training_320,/home/u873859/BraTS2020_Dataset/BraTS2020_TrainingData/MICCAI_BraTS2020_TrainingData/BraTS20_Training_320,6.0
BraTS20_Training_321,/home/u873859/BraTS2020_Dataset/BraTS2020_TrainingData/MICCAI_BraTS2020_TrainingData/BraTS20_Training_321,1.0
BraTS20_Training_322,/home/u873859/BraTS2020_Dataset/BraTS2020_TrainingData/MICCAI_BraTS2020_TrainingData/BraTS20_Training_322,4.0
BraTS20_Training_323,/home/u873859/BraTS2020_Dataset/BraTS2020_TrainingData/MICCAI_BraTS2020_TrainingData/BraTS20_Training_323,1.0
BraTS20_Training_324,/home/u873859/BraTS2020_Dataset/BraTS2020_TrainingData/MICCAI_BraTS2020_TrainingData/BraTS20_Training_324,2.0
BraTS20_Training_325,/home/u873859/BraTS2020_Dataset/BraTS2020_TrainingData/MICCAI_BraTS2020_TrainingData/BraTS20_Training_325,1.0
BraTS20_Training_326,/home/u873859/BraTS2020_Dataset/BraTS2020_TrainingData/MICCAI_BraTS2020_TrainingData/BraTS20_Training_326,1.0
BraTS20_Training_327,/home/u873859/BraTS2020_Dataset/BraTS2020_TrainingData/MICCAI_BraTS2020_TrainingData/BraTS20_Training_327,0.0
BraTS20_Training_328,/home/u873859/BraTS2020_Dataset/BraTS2020_TrainingData/MICCAI_BraTS2020_TrainingData/BraTS20_Training_328,1.0
BraTS20_Training_329,/home/u873859/BraTS2020_Dataset/BraTS2020_TrainingData/MICCAI_BraTS2020_TrainingData/BraTS20_Training_329,5.0
BraTS20_Training_330,/home/u873859/BraTS2020_Dataset/BraTS2020_TrainingData/MICCAI_BraTS2020_TrainingData/BraTS20_Training_330,4.0
BraTS20_Training_331,/home/u873859/BraTS2020_Dataset/BraTS2020_TrainingData/MICCAI_BraTS2020_TrainingData/BraTS20_Training_331,6.0
BraTS20_Training_332,/home/u873859/BraTS2020_Dataset/BraTS2020_TrainingData/MICCAI_BraTS2020_TrainingData/BraTS20_Training_332,5.0
BraTS20_Training_333,/home/u873859/BraTS2020_Dataset/BraTS2020_TrainingData/MICCAI_BraTS2020_TrainingData/BraTS20_Training_333,2.0
BraTS20_Training_334,/home/u873859/BraTS2020_Dataset/BraTS2020_TrainingData/MICCAI_BraTS2020_TrainingData/BraTS20_Training_334,0.0
BraTS20_Training_335,/home/u873859/BraTS2020_Dataset/BraTS2020_TrainingData/MICCAI_BraTS2020_TrainingData/BraTS20_Training_335,3.0
BraTS20_Training_336,/home/u873859/BraTS2020_Dataset/BraTS2020_TrainingData/MICCAI_BraTS2020_TrainingData/BraTS20_Training_336,2.0
BraTS20_Training_337,/home/u873859/BraTS2020_Dataset/BraTS2020_TrainingData/MICCAI_BraTS2020_TrainingData/BraTS20_Training_337,5.0
BraTS20_Training_338,/home/u873859/BraTS2020_Dataset/BraTS2020_TrainingData/MICCAI_BraTS2020_TrainingData/BraTS20_Training_338,5.0
BraTS20_Training_339,/home/u873859/BraTS2020_Dataset/BraTS2020_TrainingData/MICCAI_BraTS2020_TrainingData/BraTS20_Training_339,5.0
BraTS20_Training_340,/home/u873859/BraTS2020_Dataset/BraTS2020_TrainingData/MICCAI_BraTS2020_TrainingData/BraTS20_Training_340,4.0
BraTS20_Training_341,/home/u873859/BraTS2020_Dataset/BraTS2020_TrainingData/MICCAI_BraTS2020_TrainingData/BraTS20_Training_341,3.0
BraTS20_Training_342,/home/u873859/BraTS2020_Dataset/BraTS2020_TrainingData/MICCAI_BraTS2020_TrainingData/BraTS20_Training_342,1.0
BraTS20_Training_343,/home/u873859/BraTS2020_Dataset/BraTS2020_TrainingData/MICCAI_BraTS2020_TrainingData/BraTS20_Training_343,0.0
BraTS20_Training_344,/home/u873859/BraTS2020_Dataset/BraTS2020_TrainingData/MICCAI_BraTS2020_TrainingData/BraTS20_Training_344,6.0
BraTS20_Training_345,/home/u873859/BraTS2020_Dataset/BraTS2020_TrainingData/MICCAI_BraTS2020_TrainingData/BraTS20_Training_345,1.0
BraTS20_Training_346,/home/u873859/BraTS2020_Dataset/BraTS2020_TrainingData/MICCAI_BraTS2020_TrainingData/BraTS20_Training_346,0.0
BraTS20_Training_347,/home/u873859/BraTS2020_Dataset/BraTS2020_TrainingData/MICCAI_BraTS2020_TrainingData/BraTS20_Training_347,1.0
BraTS20_Training_348,/home/u873859/BraTS2020_Dataset/BraTS2020_TrainingData/MICCAI_BraTS2020_TrainingData/BraTS20_Training_348,1.0
BraTS20_Training_349,/home/u873859/BraTS2020_Dataset/BraTS2020_TrainingData/MICCAI_BraTS2020_TrainingData/BraTS20_Training_349,6.0
BraTS20_Training_350,/home/u873859/BraTS2020_Dataset/BraTS2020_TrainingData/MICCAI_BraTS2020_TrainingData/BraTS20_Training_350,2.0
BraTS20_Training_351,/home/u873859/BraTS2020_Dataset/BraTS2020_TrainingData/MICCAI_BraTS2020_TrainingData/BraTS20_Training_351,2.0
BraTS20_Training_352,/home/u873859/BraTS2020_Dataset/BraTS2020_TrainingData/MICCAI_BraTS2020_TrainingData/BraTS20_Training_352,2.0
BraTS20_Training_353,/home/u873859/BraTS2020_Dataset/BraTS2020_TrainingData/MICCAI_BraTS2020_TrainingData/BraTS20_Training_353,3.0
BraTS20_Training_354,/home/u873859/BraTS2020_Dataset/BraTS2020_TrainingData/MICCAI_BraTS2020_TrainingData/BraTS20_Training_354,2.0
BraTS20_Training_355,/home/u873859/BraTS2020_Dataset/BraTS2020_TrainingData/MICCAI_BraTS2020_TrainingData/BraTS20_Training_355,6.0
BraTS20_Training_356,/home/u873859/BraTS2020_Dataset/BraTS2020_TrainingData/MICCAI_BraTS2020_TrainingData/BraTS20_Training_356,3.0
BraTS20_Training_357,/home/u873859/BraTS2020_Dataset/BraTS2020_TrainingData/MICCAI_BraTS2020_TrainingData/BraTS20_Training_357,0.0
BraTS20_Training_358,/home/u873859/BraTS2020_Dataset/BraTS2020_TrainingData/MICCAI_BraTS2020_TrainingData/BraTS20_Training_358,1.0
BraTS20_Training_359,/home/u873859/BraTS2020_Dataset/BraTS2020_TrainingData/MICCAI_BraTS2020_TrainingData/BraTS20_Training_359,4.0
BraTS20_Training_360,/home/u873859/BraTS2020_Dataset/BraTS2020_TrainingData/MICCAI_BraTS2020_TrainingData/BraTS20_Training_360,5.0
BraTS20_Training_361,/home/u873859/BraTS2020_Dataset/BraTS2020_TrainingData/MICCAI_BraTS2020_TrainingData/BraTS20_Training_361,1.0
BraTS20_Training_362,/home/u873859/BraTS2020_Dataset/BraTS2020_TrainingData/MICCAI_BraTS2020_TrainingData/BraTS20_Training_362,3.0
BraTS20_Training_363,/home/u873859/BraTS2020_Dataset/BraTS2020_TrainingData/MICCAI_BraTS2020_TrainingData/BraTS20_Training_363,6.0
BraTS20_Training_364,/home/u873859/BraTS2020_Dataset/BraTS2020_TrainingData/MICCAI_BraTS2020_TrainingData/BraTS20_Training_364,3.0
BraTS20_Training_365,/home/u873859/BraTS2020_Dataset/BraTS2020_TrainingData/MICCAI_BraTS2020_TrainingData/BraTS20_Training_365,2.0
BraTS20_Training_366,/home/u873859/BraTS2020_Dataset/BraTS2020_TrainingData/MICCAI_BraTS2020_TrainingData/BraTS20_Training_366,0.0
BraTS20_Training_367,/home/u873859/BraTS2020_Dataset/BraTS2020_TrainingData/MICCAI_BraTS2020_TrainingData/BraTS20_Training_367,6.0
BraTS20_Training_368,/home/u873859/BraTS2020_Dataset/BraTS2020_TrainingData/MICCAI_BraTS2020_TrainingData/BraTS20_Training_368,1.0
BraTS20_Training_369,/home/u873859/BraTS2020_Dataset/BraTS2020_TrainingData/MICCAI_BraTS2020_TrainingData/BraTS20_Training_369,6.0
